Workbook

Sheet Trade Log
A1: Trade # | B1: Date | C1: Day | D1: Time In | E1: Time Out | F1: Symbol | G1: Direction | H1: Entry Price | I1: Exit Price | J1: Position Size | K1: Stop Loss | L1: Take Profit | M1: P&L (R) | N1: P&L (%) | O1: Risk/Reward | P1: Fees | Q1: Net P&L | R1: Setup/Strategy | S1: Market Condition | T1: Notes | U1: Emotions | V1: Mistakes | W1: Lessons Learned
A2: 1 | C2: =IF(B2="","",TEXT(B2,"dddd")) | M2: =IF(G2="Long",(I2-H2)*J2,IF(G2="Short",(H2-I2)*J2,"")) | N2: =IF(H2=0,"",M2/(H2*J2)*100) | O2: =IF(AND(K2<>"",L2<>""),IF(G2="Long",(L2-H2)/(H2-K2),IF(G2="Short",(H2-L2)/(K2-H2),"")),"") | Q2: =M2-P2
A3: 2 | C3: =IF(B3="","",TEXT(B3,"dddd")) | M3: =IF(G3="Long",(I3-H3)*J3,IF(G3="Short",(H3-I3)*J3,"")) | N3: =IF(H3=0,"",M3/(H3*J3)*100) | O3: =IF(AND(K3<>"",L3<>""),IF(G3="Long",(L3-H3)/(H3-K3),IF(G3="Short",(H3-L3)/(K3-H3),"")),"") | Q3: =M3-P3
A4: 3 | C4: =IF(B4="","",TEXT(B4,"dddd")) | M4: =IF(G4="Long",(I4-H4)*J4,IF(G4="Short",(H4-I4)*J4,"")) | N4: =IF(H4=0,"",M4/(H4*J4)*100) | O4: =IF(AND(K4<>"",L4<>""),IF(G4="Long",(L4-H4)/(H4-K4),IF(G4="Short",(H4-L4)/(K4-H4),"")),"") | Q4: =M4-P4
A5: 4 | C5: =IF(B5="","",TEXT(B5,"dddd")) | M5: =IF(G5="Long",(I5-H5)*J5,IF(G5="Short",(H5-I5)*J5,"")) | N5: =IF(H5=0,"",M5/(H5*J5)*100) | O5: =IF(AND(K5<>"",L5<>""),IF(G5="Long",(L5-H5)/(H5-K5),IF(G5="Short",(H5-L5)/(K5-H5),"")),"") | Q5: =M5-P5
A6: 5 | C6: =IF(B6="","",TEXT(B6,"dddd")) | M6: =IF(G6="Long",(I6-H6)*J6,IF(G6="Short",(H6-I6)*J6,"")) | N6: =IF(H6=0,"",M6/(H6*J6)*100) | O6: =IF(AND(K6<>"",L6<>""),IF(G6="Long",(L6-H6)/(H6-K6),IF(G6="Short",(H6-L6)/(K6-H6),"")),"") | Q6: =M6-P6
A7: 6 | C7: =IF(B7="","",TEXT(B7,"dddd")) | M7: =IF(G7="Long",(I7-H7)*J7,IF(G7="Short",(H7-I7)*J7,"")) | N7: =IF(H7=0,"",M7/(H7*J7)*100) | O7: =IF(AND(K7<>"",L7<>""),IF(G7="Long",(L7-H7)/(H7-K7),IF(G7="Short",(H7-L7)/(K7-H7),"")),"") | Q7: =M7-P7
A8: 7 | C8: =IF(B8="","",TEXT(B8,"dddd")) | M8: =IF(G8="Long",(I8-H8)*J8,IF(G8="Short",(H8-I8)*J8,"")) | N8: =IF(H8=0,"",M8/(H8*J8)*100) | O8: =IF(AND(K8<>"",L8<>""),IF(G8="Long",(L8-H8)/(H8-K8),IF(G8="Short",(H8-L8)/(K8-H8),"")),"") | Q8: =M8-P8
A9: 8 | C9: =IF(B9="","",TEXT(B9,"dddd")) | M9: =IF(G9="Long",(I9-H9)*J9,IF(G9="Short",(H9-I9)*J9,"")) | N9: =IF(H9=0,"",M9/(H9*J9)*100) | O9: =IF(AND(K9<>"",L9<>""),IF(G9="Long",(L9-H9)/(H9-K9),IF(G9="Short",(H9-L9)/(K9-H9),"")),"") | Q9: =M9-P9
A10: 9 | C10: =IF(B10="","",TEXT(B10,"dddd")) | M10: =IF(G10="Long",(I10-H10)*J10,IF(G10="Short",(H10-I10)*J10,"")) | N10: =IF(H10=0,"",M10/(H10*J10)*100) | O10: =IF(AND(K10<>"",L10<>""),IF(G10="Long",(L10-H10)/(H10-K10),IF(G10="Short",(H10-L10)/(K10-H10),"")),"") | Q10: =M10-P10
A11: 10 | C11: =IF(B11="","",TEXT(B11,"dddd")) | M11: =IF(G11="Long",(I11-H11)*J11,IF(G11="Short",(H11-I11)*J11,"")) | N11: =IF(H11=0,"",M11/(H11*J11)*100) | O11: =IF(AND(K11<>"",L11<>""),IF(G11="Long",(L11-H11)/(H11-K11),IF(G11="Short",(H11-L11)/(K11-H11),"")),"") | Q11: =M11-P11
A12: 11 | C12: =IF(B12="","",TEXT(B12,"dddd")) | M12: =IF(G12="Long",(I12-H12)*J12,IF(G12="Short",(H12-I12)*J12,"")) | N12: =IF(H12=0,"",M12/(H12*J12)*100) | O12: =IF(AND(K12<>"",L12<>""),IF(G12="Long",(L12-H12)/(H12-K12),IF(G12="Short",(H12-L12)/(K12-H12),"")),"") | Q12: =M12-P12
A13: 12 | C13: =IF(B13="","",TEXT(B13,"dddd")) | M13: =IF(G13="Long",(I13-H13)*J13,IF(G13="Short",(H13-I13)*J13,"")) | N13: =IF(H13=0,"",M13/(H13*J13)*100) | O13: =IF(AND(K13<>"",L13<>""),IF(G13="Long",(L13-H13)/(H13-K13),IF(G13="Short",(H13-L13)/(K13-H13),"")),"") | Q13: =M13-P13
... A101: 100 | C101: =IF(B101="","",TEXT(B101,"dddd")) | M101: =IF(G101="Long",(I101-H101)*J101,IF(G101="Short",(H101-I101)*J101,"")) | N101: =IF(H101=0,"",M101/(H101*J101)*100) | O101: =IF(AND(K101<>"",L101<>""),IF(G101="Long",(L101-H101)/(H101-K101),IF(G101="Short",(H101-L101)/(K101-H101),"")),"") | Q101: =M101-P101

Sheet Weekly Summary
A1: WEEKLY TRADING SUMMARY
A3: Week Starting:
A5: KEY METRICS | D5: WEEKLY GOALS & REVIEW
A6: Total Trades: | B6: =COUNTA('Trade Log'!A:A)-1 | D6: Daily Profit Target (R):
A7: Winning Trades: | B7: =COUNTIF('Trade Log'!M:M,">0") | D7: Daily Loss Limit (R):
A8: Losing Trades: | B8: =COUNTIF('Trade Log'!M:M,"<0") | D8: Max Trades Per Day:
A9: Win Rate (%): | B9: =IF(B6=0,0,B7/B6*100) | D9: Focus Setup:
A11: Total P&L (R): | B11: =SUM('Trade Log'!Q:Q) | D11: What Went Well:
A12: Total Fees (R): | B12: =SUM('Trade Log'!P:P)
A13: Net P&L (R): | B13: =B11-B12 | D13: What Needs Improvement:
A15: Average Win (R): | B15: =AVERAGEIF('Trade Log'!M:M,">0",'Trade Log'!M:M) | D15: Key Lessons:
A16: Average Loss (R): | B16: =AVERAGEIF('Trade Log'!M:M,"<0",'Trade Log'!M:M)
A17: Avg R:R Ratio: | B17: =AVERAGE('Trade Log'!O:O)
A18: Profit Factor: | B18: =IF(ABS(B16)=0,0,B15/ABS(B16))
A20: Largest Win (R): | B20: =MAX('Trade Log'!Q:Q)
A21: Largest Loss (R): | B21: =MIN('Trade Log'!Q:Q)

Sheet Monthly Summary
A1: MONTHLY TRADING SUMMARY
A3: Month/Year:
A5: Week | B5: Trades | C5: Win Rate % | D5: Net P&L (R) | E5: Cumulative P&L (R)
A6: Week 1 | E6: =SUM($D$6:D6)
A7: Week 2 | E7: =SUM($D$6:D7)
A8: Week 3 | E8: =SUM($D$6:D8)
A9: Week 4 | E9: =SUM($D$6:D9)
A10: Week 5 | E10: =SUM($D$6:D10)
A11: MONTHLY TOTAL | B11: =SUM(B6:B10) | D11: =SUM(D6:D10) | E11: =E10

Sheet Statistics
A1: TRADING STATISTICS & ANALYTICS
A3: PERFORMANCE BY SETUP/STRATEGY | F3: TOP SYMBOLS
A5: Setup/Strategy | B5: # Trades | C5: Win Rate % | D5: Total P&L (R) | F5: Symbol | G5: # Trades | H5: Win Rate % | I5: Net P&L (R)
A6: Breakout | B6: =COUNTIF('Trade Log'!R:R,A6) | C6: =IF(B6=0,0,COUNTIFS('Trade Log'!R:R,A6,'Trade Log'!M:M,">0")/B6*100) | D6: =SUMIF('Trade Log'!R:R,A6,'Trade Log'!Q:Q)
A7: Pullback | B7: =COUNTIF('Trade Log'!R:R,A7) | C7: =IF(B7=0,0,COUNTIFS('Trade Log'!R:R,A7,'Trade Log'!M:M,">0")/B7*100) | D7: =SUMIF('Trade Log'!R:R,A7,'Trade Log'!Q:Q)
A8: Reversal | B8: =COUNTIF('Trade Log'!R:R,A8) | C8: =IF(B8=0,0,COUNTIFS('Trade Log'!R:R,A8,'Trade Log'!M:M,">0")/B8*100) | D8: =SUMIF('Trade Log'!R:R,A8,'Trade Log'!Q:Q)
A9: Range | B9: =COUNTIF('Trade Log'!R:R,A9) | C9: =IF(B9=0,0,COUNTIFS('Trade Log'!R:R,A9,'Trade Log'!M:M,">0")/B9*100) | D9: =SUMIF('Trade Log'!R:R,A9,'Trade Log'!Q:Q)
A10: Trend Follow | B10: =COUNTIF('Trade Log'!R:R,A10) | C10: =IF(B10=0,0,COUNTIFS('Trade Log'!R:R,A10,'Trade Log'!M:M,">0")/B10*100) | D10: =SUMIF('Trade Log'!R:R,A10,'Trade Log'!Q:Q)
A11: Other | B11: =COUNTIF('Trade Log'!R:R,A11) | C11: =IF(B11=0,0,COUNTIFS('Trade Log'!R:R,A11,'Trade Log'!M:M,">0")/B11*100) | D11: =SUMIF('Trade Log'!R:R,A11,'Trade Log'!Q:Q)
A13: PERFORMANCE BY TIME OF DAY
A15: Time Period | B15: # Trades | C15: Win Rate % | D15: Avg P&L (R)
A16: 9:30-11:00 AM
A17: 11:00-1:00 PM
A18: 1:00-3:00 PM
A19: 3:00-4:00 PM

Sheet Setup Tracker
A1: TRADING SETUPS & PATTERNS
A3: Document your trading setups, entry/exit criteria, and success rate
A5: Setup Name | B5: Description | C5: Entry Criteria | D5: Exit Criteria | E5: Win Rate Target | F5: Notes
A6: Breakout | B6: Price breaks above resistance | C6: Volume spike, strong candle | D6: Profit target or trailing stop | E6: 60%
A7: Pullback | B7: Buy dip in uptrend | C7: Price touches moving average | D7: Resistance or 2:1 R:R | E7: 65%
A8: Reversal | B8: Trend reversal pattern | C8: Pattern completion, divergence | D8: Previous swing point | E8: 55%
